{"cameraMode":{"drawMode":0,"name":"Shaded","section":"Shading Mode"},"sceneLighting":true,"audioPlay":false,"sceneViewState":{"showFog":false,"showMaterialUpdate":false,"showSkybox":false,"showFlares":false,"showImageEffects":false,"showParticleSystems":false},"in2DMode":false,"pivot":{"x":63.39534378051758,"y":18.302753448486329,"z":39.098724365234378},"rotation":{"x":-0.02995462901890278,"y":-0.920414924621582,"z":0.3831939101219177,"w":-0.07197846472263336},"size":16.467079162597658,"orthographic":false}