{"cameraMode":{"drawMode":0,"name":"Shaded","section":"Shading Mode"},"sceneLighting":true,"audioPlay":false,"sceneViewState":{"showFog":false,"showMaterialUpdate":false,"showSkybox":false,"showFlares":false,"showImageEffects":false,"showParticleSystems":false},"in2DMode":false,"pivot":{"x":61.459476470947269,"y":17.118152618408204,"z":46.563201904296878},"rotation":{"x":0.3134411871433258,"y":-0.5119540691375732,"z":0.2077486664056778,"w":0.7723835706710815},"size":19.490215301513673,"orthographic":false}