{"cameraMode":{"drawMode":0,"name":"Shaded","section":"Shading Mode"},"sceneLighting":true,"audioPlay":false,"sceneViewState":{"showFog":false,"showMaterialUpdate":false,"showSkybox":false,"showFlares":false,"showImageEffects":false,"showParticleSystems":false},"in2DMode":false,"pivot":{"x":71.25633239746094,"y":12.55181884765625,"z":60.346221923828128},"rotation":{"x":0.38408607244491579,"y":-0.034347012639045718,"z":0.014277452602982521,"w":0.9225626587867737},"size":28.898317337036134,"orthographic":false}