{"cameraMode":{"drawMode":0,"name":"Shaded","section":"Shading Mode"},"sceneLighting":true,"audioPlay":false,"sceneViewState":{"showFog":true,"showMaterialUpdate":true,"showSkybox":true,"showFlares":true,"showImageEffects":true,"showParticleSystems":true},"in2DMode":false,"pivot":{"x":88.15853118896485,"y":24.00295639038086,"z":50.90701675415039},"rotation":{"x":0.39638736844062807,"y":-0.5931116342544556,"z":0.41791191697120669,"w":0.562569260597229},"size":22.989999771118165,"orthographic":false}