{"cameraMode":{"drawMode":0,"name":"Shaded","section":"Shading Mode"},"sceneLighting":true,"audioPlay":false,"sceneViewState":{"showFog":false,"showMaterialUpdate":false,"showSkybox":false,"showFlares":false,"showImageEffects":false,"showParticleSystems":false},"in2DMode":false,"pivot":{"x":60.73230743408203,"y":21.82666778564453,"z":43.35129165649414},"rotation":{"x":-0.08115307241678238,"y":0.9143866300582886,"z":-0.3239598274230957,"w":-0.22896602749824525},"size":17.953126907348634,"orthographic":false}