{"cameraMode":{"drawMode":0,"name":"Shaded","section":"Shading Mode"},"sceneLighting":true,"audioPlay":false,"sceneViewState":{"showFog":false,"showMaterialUpdate":false,"showSkybox":false,"showFlares":false,"showImageEffects":false,"showParticleSystems":false},"in2DMode":false,"pivot":{"x":75.35397338867188,"y":11.237531661987305,"z":48.18467712402344},"rotation":{"x":-0.02995462901890278,"y":-0.920414924621582,"z":0.3831939101219177,"w":-0.07197846472263336},"size":44.07269287109375,"orthographic":false}