{"cameraMode":{"drawMode":0,"name":"Shaded","section":"Shading Mode"},"sceneLighting":true,"audioPlay":false,"sceneViewState":{"showFog":false,"showMaterialUpdate":false,"showSkybox":false,"showFlares":false,"showImageEffects":false,"showParticleSystems":false},"in2DMode":false,"pivot":{"x":68.71105194091797,"y":13.30647087097168,"z":36.538604736328128},"rotation":{"x":0.08464165776968003,"y":0.8917978405952454,"z":-0.40307724475860598,"w":0.18728838860988618},"size":21.451602935791017,"orthographic":false}