{"cameraMode":{"drawMode":0,"name":"Shaded","section":"Shading Mode"},"sceneLighting":true,"audioPlay":false,"sceneViewState":{"showFog":false,"showMaterialUpdate":false,"showSkybox":false,"showFlares":false,"showImageEffects":false,"showParticleSystems":false},"in2DMode":false,"pivot":{"x":77.80328369140625,"y":22.823684692382814,"z":52.842838287353519},"rotation":{"x":-0.2767994999885559,"y":0.6957516074180603,"z":-0.3376385271549225,"w":-0.5703766345977783},"size":9.473426818847657,"orthographic":false}